TonyTam Dinh,
Ryan McAllister-Grum,
Mike Armstrong,
Brian McKenzie,
Michael Kass,
Jaime Hinojos,
Natalya Branch,
Gaia Rutledge,
Sofia Dawson,
Lee Cervantes,
Bonnie Ochoa,
Arnas Mendoza,
Bodhi Mcculloch,
Keaton Ali,
Arbaaz Cope,
Beau Harding,
Amritpal Houston,
Kiki Lindsey,
Elyas Espinoza,
Abiha Brett,
Alister Cassidy,
Khia Odling,
Teejay Rivers,
Nayla Summers,
Tyreke Cordova,
Dwayne Hickman,
Daniella Daniel,
Gabrielle Marshall,
Jana Wilcox,
Vishal Stanley,
Rayyan Hobbs,
Zayan Simmonds,
Faith Sheehan,
Tamia Metcalfe,
Reema Schroeder,
Camilla Boone,
Callum Jenkins,
Abida Tierney,
Jadene Mcmillan,
Isla Huff,
Aimie Mcclure,
Ira Frey,
Zain Derrick,
Conrad Braun,
Fionnuala Pike,
Shanay Lugo,
Abubakr Mullins,
Saul Mcdaniel,
Haris Hough,
Cheyenne Martinez,
Delilah Ferrell,
Halle Galloway,
Alivia Friedman,
Keenan Woods,
Corrie Escobar,
Isabel Chan,
Bryce Vega,
Caprice Garcia,
Dominika Wheatley,
Darien Clarkson,
Malcolm Garza,
Ralphie Horton,
Arya Bruce,
Rhona Arellano,
Ahsan Vaughn,
Rickie Costa,
Ivor Grey,
Rohaan Wainwright,
Kyran Benitez,
Tala Whitaker,
Koa Wardle,
Dainton Rees,
Eryk Murray,
Guto Petersen,
Livia Storey,
Della Emerson,
Taslima Goldsmith,
Daryl Lee,
Maksim Payne,
Kiah Graham,
Benny Ford,
Muhammed Rivera,
Anniyah Molina,
Tracy Robles,
Gloria Griffin,
Elen Mendez,
Mica Cooley,
Samad Russell,
Hester Morin,
Kenzie Hensley,
Kohen Ramirez,
Warren Thatcher,
Aila Roberts,
Zion Solomon,
Ziggy Kemp,
Lana Caldwell,
Willard North,
Khadijah Kumar,
Jimmy Lawson,
Harpreet Sharp,
Caitlin Nichols,
Zephaniah Brady,
Mcauley French,
Violet Legge,
Jenson Lowe,
Emma Avalos,
Jaimee Schwartz,
Bernadette Hail,
Sneha Mcarthur,
Jasper Dawson,
Scarlet Leonard,
Roxie Terry,
Ann Bolton,
Hayleigh Tillman,
Paul Mcgrath,
Areeba Blair,
Daniaal Reese,
Syed Ridley,
Stefano Benson,
Janet Hanson,
Abdur Barron,
Shaurya Vaughan,
Eamonn Stokes,
Zayd Frazier,
Aaron Cooke,
Stephen Galloway,
Amirah Hastings,
Izabel Mccray,
Pollyanna Summers,
Ruby-Rose Dennis,
Sanaa Felix,
Conna Smyth,
Saeed Arias,
Leanna Irwin,
Frankie Christie,
Casper Key,
Abby Rocha,
Carlo Leech,
Jagoda Joyner,
Gus Lord,
Trinity Trejo,
Inaaya Rudd,
Samera Garza,
Tymon Poole,
Kenneth Barber,
Seb Portillo,
Asiyah Bass,
Jez Torres,
Shoaib Doyle,
Rares Cordova,
Shana Sexton,
Ravinder Holt,
Domonic Wilde,
Madihah Trevino,
Dougie Goldsmith,
Haleemah Norris,
Rafferty Ayers,
Nate Sumner,
Shakil Ramsay,
Grayson Lawrence,
Emre Griffiths,
Tashan Garrison,
Kendall Henry,
Mazie Russell,
Gwen Zhang,
Lilly-Mai Villarreal,
Reuben Mcdonnell,
Zayden Begum,
Dolly Callaghan,
Aqeel Rosario,
Tahir Brookes,
Erin Busby,
Roosevelt Padilla,
Maira Wagner,
Gina Bernal,
Annabelle Rice,
Sinead Power,
Anis Tomlinson,
Bethanie Armitage,
Grady Greenwood,
Tilly Kim,
Alanah Mair,
Mimi Lutz,
Bronte Amin,
Iylah Solomon,
Cassia Abbott,
Ruby-Mae Avila,
Lillie-Mae Dickinson,
Olivia-Rose Pacheco,
Mindy Lee,
Richie Aguilar,
Safa Fountain,
Izabela York,
Ryker Norman,
Suranne Hubbard,
Krista Goddard,
Kiya Joseph,
Poppy James,
Monique Farmer,
Natalie Barrett,
Emaan Drake,
Kaydon Corbett,
Tommy Keith,
Edmund Velazquez,
Courtnie Krause,
Tasnim Richardson,
Leyla Greenaway,
Dayna Good,
Ayse Tang,
Koby Searle,
Lilli Burt,
Keaton Farrell,
Sakina Salter,
Reem Hollis,
Saoirse William,
Alicia Butler,
Zackary Valencia,
Brent Case,
Saarah Whitney,
Otto Williams,
Farhaan Liu,
Aran Mcmillan,
Phebe Butt,
Anna Guzman,
Drew Mcphee,
Jayda Solomon,
Jon Cunningham,
Eleni Sharma,
Terence Vaughn,
Adaline Gutierrez,
Darrel Mcgill,
Komal Stuart,
Arun Mccoy,
Hasan Beaumont,
Barnaby Griffin,
Aubree Branch,
Mikael Jacobson,
Glenda Huerta,
Candice Walls,
Arron Richardson,
Warren Bruce,
Ruby-Rose Leon,
Joshua Willis,
Craig Lutz,
Herman Lane,
Sahib Hastings,
Matylda Key,
Ishika Chase,
Lacie Valdez,
Elowen Richards,
Lorcan Hanna,
Zaine Odling,
Elliott John,
Jadine Thatcher,
Leopold Bowen,
Jodie Juarez,
Hamish O'Sullivan,
Eryk Pollard,
Simrah Herring,
Alyce Pittman,
Saffa Cummings,
Elijah Gilliam,
Abraham Foster,
Irfan Guerrero,
Seb Holcomb,
Om Lees,
Cari Vaughan,
Zakariah Mohamed,
Fahmida Neal,
Shannen Bone,
Nafeesa Dennis,
Indiana Cantrell,
Amanpreet Brady,
Isra Zimmerman,
Sidney Mckinney,
Aalia Robbins,
Juniper Welsh,
Annabel Espinosa,
Maksim Madden,
Ali Webb,
Albie Carrillo,
Emrys Chaney,
Kaycee Tait,
Hanna Hardin,
Priya Carr,
Stefan Norton,
Daniel Mcbride,
Jagoda Cook,
Nelly Maddox,
Aiysha Hunt,
Reanne Colon,
Solomon Vo,
Benito Arias,
Rikki Portillo,
Elis Hayes,
Pamela Krueger,
Renzo Delarosa,
Deon Oakley,
Aila Christensen,
Steffan Frederick,
Abel Grimes,
Alexandra Burnett,
Neil Tierney,
Alayah Dupont,
Alyssia Carter,
Harun Hilton,
Abubakr Hibbert,
Emilee Bird,
Amanda Flower,
Dawud Bass,
Donovan Whittle,
Bluebell Grainger,
Ishmael Baker,
Fern Jacobson,
Sheila Tillman,
Natan Webb,
Lennox Lovell,
Ciaron Steadman,
Hilary Beech,
Josiah Heath,
Saeed Sharp,
Pamela Philip,
Louise Morley,
Faraz Baldwin,
Roan Farrell,
Kellie Horne,
Gareth Fry,
Teejay Murphy,
Syeda Needham,
Hakeem O'Reilly,
Erik Kouma,
Arnie Valentine,
Reanne Salas,
Iga Wade,
Evie Mckinney,
Ruari Smyth,
Nyah Lugo,
Axel Franco,
Wayne Moon,
Star Carroll,
Remi Marin,
Matthew Frank,
Antoni O'Ryan,
Rudy Swanson,
Maximus Rudd,
Chaya Vang,
Anaiya Travis,
David Duran,
Dean Wright,
Tala Blackwell,
Fariha Bridges,
Myles Gray,
Katlyn Stout,
Jean Wicks,
Colleen Webster,
Bruno Marshall,
Zhane Lane,
Millie-Rose Avila,
Arfa Vaughan,
Cairon Oconnor,
Ebonie Puckett,
Nicole Oakley,
Kaylan Compton,
Laiba Tyler,
Adeline Workman,
Britney Middleton,
Jerry Galvan,
Isabel Britt,
Victoria Kline,
Jordana Rojas,
Dalton Olsen,
Kiera Talley,
Caspian Turner,
Selena Sheridan,
Fox Villanueva,
Lleyton Chester,
Roshan Orozco,
Gina Mosley,
Aaisha Kaiser,
Sianna Salter,
Chance Pennington,
Cory Haines,
Kimora Denton,
Walid Palacios,
Romany Montgomery,
Izabella Salt,
Eugene Watt,
Isma Esparza,
Ellen Knights,
Larissa Lord,
Clarence Cousins,
Zarah Mack,
Tyrese Huynh,
Suzannah Hanson,
Shayaan Berry,
Izaan Strickland,
Kady Lloyd,
Yousif Jennings,
Edith Roy,
Stefan Mcgee,
Bilaal Crawford,
Tyla Gough,
Leonardo Navarro,
Camille Wilder,
Andre Burks,
Gurdeep Forrest,
Miranda Denton,
Jamie Malone,
Muhammed Rodgers,
Kerri Medina,
Nadeem Elliott,
Ralphy Pugh,
Finlay Ellis,
Rikki Solomon,
Umair Werner,
Lila Ho,
Norman Doherty,
Alexia Finley,
Kyron Head,
Ahsan Fuller,
Teegan Finnegan,
Aroush Mooney,
Preston Schroeder,
Alina Bryan,
Tasha Kirk,
Olivia Juarez,
Kelvin Chambers,
Alayah Currie,
Katelyn Mercado,
Kamal Thompson,
Shereen Howard,
Rory Ferguson,
Samira Nieves,
Kia Becker,
Sameer Neale,
Steven Devlin,
Zohaib Clarke,
Jaheim Velazquez,
Carlie Ewing,
Lacey-Mai Jackson,
Marta Martin,
Loren Dennis,
Kayleigh Rich,
Ariadne Holcomb,
Milli Woodard,
Ed Reyna,
Donald Boyce,
Eilidh Lennon,
Lea Mathis,
Tamanna Hollis,
Marie Stanton,
Tobi Livingston,
Irfan Povey,
Asa Prosser,
Minahil Floyd,
Aya Winters,
Stanislaw Andrews,
Leona Lovell,
Selin Melia,
Nyla Leonard,
Sydney Clemons,
Haley Ray,
Dakota Couch,
Om Estrada,
Jovan Dominguez,
Eshaal Jarvis,
Maverick Leech,
Waseem Hanna,
Jean-Luc Wilkerson,
Tymon Stephenson,
Kailan Butler,
Konrad Connelly,
Dillan Clarkson,
Esther Valenzuela,
Shahid Needham,
Lyndon Waters,
Ollie Mccormack,
Devin Philip,
Edan Kavanagh,
Eoin Flowers,
Amandeep Hackett,
Amelia Cummings,
Zubair Oneill,
Rehan Griffith,
Ansh Frame,
Sakina Greer,
Kiri Key,
Raisa Bradley,
Clarke Corrigan,
Danniella Xiong,
Marek Blackburn,
Jayne Wharton,
Conner Drummond,
Courtney Fountain,
Bernadette Lozano,
Annabell Roche,
Johanna Clayton,
Fateh Holloway,
Darien Humphreys,
Nylah Naylor,
Kunal Maynard,
Enya Dillard,
Kirsty Fenton,
Maryam Barnes,
Raya Brooks,
Mischa Hanson,
Kaja Wells,
Dylan Corbett,
Rizwan Hubbard,
Pearce Ho,
Nichole Wright,
Waseem Knapp,
Ishaan Gould,
Brendon Holt,
Franky Coombes,
Franco Tyson,
Franklin Gardiner,
Leela Christie,
Laurence Chandler,
Claudia Battle,
Hendrix Ross,
Aneesha Kay,
Shannon Jones,
Austin Cross,
Idris Lamb,
Damien Rennie,
Melisa Witt,
Umaima Wolf,
Alexie Patrick,
Kason Mccann,
Winnie Perry,
Ashlyn Ponce,
Rea Espinoza,
Brandi Neal,
Tamera Simon,
Kwabena Hendricks,
Dougie Fletcher,
Jane Alford,
Libbie Mcintosh,
Livia Emery,
Matias Kaye,
Korben Higgins,
Zacharias Ryan,
Darcie-Mae Rubio,
Lukas Moses,
Marcie Vaughn,
Haydon Lovell,
Grady Baxter,
Ace Pineda,
Heidi Hoffman,
Safiya Hopper,
Mollie Bowden,
Jacob Colon,
Leticia Sharp,
William Wang,
Amy Hayes,
Masuma Turner,
Harleen Connolly,
Jia Anthony,
Roberto Wagstaff,
Gracey Stacey,
Jeevan Cassidy,
Zakir Barry,
Angelina Marquez,
Layan Armstrong,
Lucie Rice,
Laibah Esparza,
Leonardo Ramos,
Jordanne Cabrera,
Mysha Pugh,
Krzysztof Clay,
Imaad Barlow,
Gabriela Hodges,
Rueben Haworth,
Camilla Calvert,
Sannah Forrest,
Sade Mclean,
Glenda Carlson,
Montana Greene,
Mekhi Albert,
Harvey-Lee Sharpe,
Raul Bean,
Marco Travers,
Sara Martins,
Archer Nicholls,
Matthew Rodgers,
Bluebell Gregory,
Heath Crouch,
Phillipa Bowen,
Shaurya Hussain,
Stefania Hail,
Cieran Kearney,
Jethro Mccoy,
Amelia-Rose Hamer,
Zaynah Reese,
Zi Conrad,
Mahi Daugherty,
Olly Grey,
India Everett,
Braiden Levine,
Artur Humphreys,
Donte Lawson,
Betsy Knox,
Siobhan Vinson,
Arnold Mcghee,
Abdullah Parrish,
Giuseppe Francis,
Roscoe Fenton,
Vivaan Cresswell,
Wilfred Cruz,
Arley Lee,
Tiegan Correa,
Lily-Mai Mcdonnell,
Ibrahim Owens,
Angelina Adkins,
Nayla Crawford,
Fraser Coffey,
Caelan Vasquez,
Elisabeth Day,
Fletcher Povey,
Tonya Morris,
Marie Dejesus,
Tilly-Mae Guerra,
Ayyub Dickinson,
Mustafa Puckett,
Tania Travers,
Samara Heaton,
Carlo Samuels,
Calum Norman,
Alysha George,
Kasim Waller,
Saoirse Morgan,
Tony Barrera,
Raul Vazquez,
Jess Davila,
Ingrid Hayden,
Geraldine Santana,
Liliana Roche,
Franciszek Ashton,
Haaris Hansen,
Norma Blackwell,
Rishi Mercer,
Aliyah Pitts,
Yousif Gregory,
Aalia Grey,
Tehya Lang,
Tiffany Swan,
Zaid Pruitt,
Brook Emery,
Kiki Spooner,
Reagan Bishop,
Amanda Allman,
Kajol Osborne,
Megan Higgs,
Jaimee Oneil,
Debra Koch,
Shelley Chaney,
Joseph Graves,
Gianni Ritter,
Aaliyah Currie,
Sydney Clayton,
Jaheim Hutchinson,
Meera Cisneros,
Kristina Merritt,
Helin Johns,
Ahsan Robles,
Tim Mcneill,
Louis Barron,
Ayaana Spence,
Curtis Brookes,
Cora Couch,
T-Jay Larson,
Cadence Davis,
Dawn Pearce,
Tasmin Melton,
Marlon Wallis,
Kalem Rocha,
Rea Ponce,
Derrick Tyson,
Ioana Warner,
Dorothy O'Doherty,
Amelie Cooley,
Divine O'Neill,
Ellen Soto,
Tegan Bourne,
Kate French,
Milton Mcfarlane,
Zhane Waters,
Shreya Dunlop,
Kendra Eaton,
Korey Schneider,
Vera Lim,
Ariadne Neale,
Fiza Morrow,
Klara Shelton,
Amritpal Crossley,
Kareena Hartman,
Menaal Neville,
Christy Lam,
Jennifer Redmond,
Milla Hess,
Shayne Chung,
Mared Savage,
Ayman Watts,
Md Gay,
Samir Allen,
Carlos Wright,
Kyran Fox,
Campbell Salazar,
Osman Mccaffrey,
Keon Sanchez,
Madelaine Mcintosh,
Leia Wicks,
Nadir O'Quinn,
Evie Rodriquez,
Cameron Knott,
Zayyan Velez,
Monique Sullivan,
Ammar Norman,
Jak Harrell,
Nayla Arnold,
Izaak Galloway,
Santiago Donaldson,
Alysha Tait,
Malikah Sweet,
Shiloh Arias,
Jeff Meyer,
Roberta Pace,
Sydney Wainwright,
Sunil Mcguire,
Abul Duncan,
Muskaan Gay,
Lucca Mccallum,
Marlie Bravo,
Pooja Person,
Katarina Parra,
Asher Wheeler,
Shania Nairn,
Magnus Kirby,
Rayan Pham,
Zavier Macfarlane,
Farhana Chapman,
Horace Grant,
Kieron Glass,
Harriett Rios,
Sophia Parks,
Julian Redmond,
Kane Miranda,
Cai Austin,
Darcy Mcnally,
Kenzo Travis,
Giulia Weaver,
Jolie Monroe,
Dottie Valdez,
Conrad Lowe,
Ammarah Peralta,
Avaya Penn,
Korben Marks,
Muhamed Hartley,
Richie Velasquez,
Lincoln Rutledge,
Ishan Buxton,
Kacey Mackie,
Vernon Krause,
Ayra Welch,
Willow Little,
Lindsay Rees,
Abdul Gale,
Wil Scott,
Zane Holman,
Marcus Melendez,
Artur Sellers,
Samiyah Hook,
Eloisa Romero,
Aled Humphrey,
Mollie Stafford,
Alisha Fritz,
Marlene Wallis,
Nellie Mendoza,
Sabiha Whelan,
Nola Garrett,
Braydon Jefferson,
Tre Roberts,
Kerri Stanton,
Habib Montgomery,
Amanda Thomas,
Raiden Cleveland,
Maia Reeves,
Hailie Clay,
Brooke Coulson,
Kathryn Camacho,
Freddie Swift,
Alesha Delarosa,
Wilson Gentry,
Buster Chester,
Diane Keller,
Yasin Floyd,
Amarah Ashley,
Trent North,
Kamal Rooney,
Autumn Lacey,
Yusef Vinson,
Nelly O'Moore,
Darren Deacon,
Zachary Hawes,
Sophie-Louise Mack,
Pooja Thomson,
Janet Everett,
Lee Obrien,
Akbar Bright,
Janelle Crowther,
Kaylum Reeves,
Bailey Jacobson,
Daniyal Sheldon,
Renee Hope,
Aisha Shaffer,
Sumaya Storey,
Keith Orr,
Bianca Lugo,
Wasim Holden,
Ruari Knight,
Tillie Henson,
Amber-Rose Smyth,
Keelan Bernard,
Teddie Campos,
Iolo Ferreira,
Fabian Cantu,
Latisha Nicholls,
Rohaan Maguire,
Liana Weiss,
Yanis Espinoza,
Kinga Moon,
Sameera Chapman,
Jokubas Hebert,
Maria Dodson,
Esmae Freeman,
Saoirse Mcpherson,
Piper Joseph,
Reegan Odom,
Said Durham,
Daniaal Berger,
Ariella Cherry,
Sion Huerta,
Hal Shelton,
Paris Esquivel,
Aniqa Lennon,
Taylor Simmons,
Ayoub Rich,
Zayne Zamora,
Tallulah Rodgers,
Hafsa Tran,
Emil Millar,
Sally Maldonado,
Harun Davila,
Neave Houston,
Safa Blevins,
Odin Davie,
Raife Nicholson,
Hadiqa Rosales,
Zachariah Corbett,
Lilli Shea,
Amelia-Lily Howells,
Gwion Calderon,
Farzana O'Ryan,
Sahil Rowley,
Flynn Collier,
Korben Pate,
Aaran Holcomb,
Selina Reyna,
Felicia Fountain,
Alessio Cotton,
Reginald Guerra,
Jorja Hubbard,
Chaya Pike,
Tony Armitage,
Abbigail Wills,
Lexi-Mae Broughton,
Gina Reeve,
Zac Farmer,
Deborah Cruz,
Joy Lam,
Arian Harding,
Jean Collins,
Ocean Bowen,
Gabija Cleveland,
Kerry Kent,
Linda Handley,
Maiya Beck,
Hilda Melia,
Melisa Chamberlain,
Reiss Muir,
Aliesha Mcgrath,
Suzanne Hull,
Ellie-May Perez,
Jayden-Lee Alfaro,
Zeshan Holder,
Arya Franks,
Corrina Smith,
Umar Decker,
Omar Wiggins,
Hassan May,
Dawid Buckner,
Anniyah Blackwell,
Samual Pennington,
Jak Hurley,
Nadine Frazier,
Tony Stark,
Peter Parker,
Bruce Wayne,
Steve Rogers,
Bruce Banner,
Natasha Romanoff,
Barry Allen,
Peter Quill,
Diana Prince,
Clint Barton,
Miles Morales,
Wade Wilson,
Charles Xavier,
Hank Pym,
Dick Grayson,
Carol Danvers,
Oliver Queen,
Selina Kyle,
Sam Wilson,
Kara Zor-El,
Hal Jordan,
Matthew Murdock,
Johnny Storm,
Barbara Gordon,
Jean Grey,
Wally West,
James Barnes,
Scott Summers,
James Rhodes,
Reed Richards,
Arthur Curry,
Susan Storm,
Damian Wayne,
Jason Todd,
Frank Castle,
Ben Grimm,
Gwyneth Paltrow,
Janet McTeer,
Angelina Jolie,
Catherine Keener,
Hilary Swank,
Jude Law,
Samantha Morton,
Russell Crowe,
Toni Collette,
Michael Clarke Duncan,
Haley Joel Osment,
Chloë Sevigny,
Joaquin Phoenix,
Javier Bardem,
Laura Linney,
Benicio del Toro,
Marcia Gay Harden,
Kate Hudson,
Renée Zellweger,
Nicole Kidman,
Ethan Hawke,
Tom Wilkinson,
Will Smith,
Halle Berry,
Jim Broadbent,
Jennifer Connelly,
Adrien Brody,
Chris Cooper,
Salma Hayek,
Diane Lane,
Queen Latifah,
John C. Reilly,
Catherine Zeta-Jones,
Charlize Theron,
Naomi Watts,
Johnny Depp,
Djimon Hounsou,
Shohreh Aghdashloo,
Alec Baldwin,
Keisha Castle-Hughes,
Patricia Clarkson,
Bill Murray,
Tim Robbins,
Ken Watanabe,
Natalie Portman,
Alan Alda,
Don Cheadle,
Thomas Haden Church,
Jamie Foxx,
Virginia Madsen,
Sophie Okonedo,
Clive Owen,
Catalina Sandino Moreno,
Imelda Staunton,
Amy Adams,
Rachel Weisz,
Michelle Williams,
Keira Knightley,
Reese Witherspoon,
Philip Seymour Hoffman,
George Clooney,
Heath Ledger,
Matt Dillon,
Paul Giamatti,
Jake Gyllenhaal,
Terrence Howard,
Felicity Huffman,
David Strathairn,
Ryan Gosling,
Penélope Cruz,
Adriana Barraza,
Abigail Breslin,
Jackie Earle Haley,
Jennifer Hudson,
Rinko Kikuchi,
Eddie Murphy,
Mark Wahlberg,
Forest Whitaker,
Saoirse Ronan,
Viggo Mortensen,
Casey Affleck,
Marion Cotillard,
Ruby Dee,
Hal Holbrook,
Elliot Page,
Amy Ryan,
Tilda Swinton,
Viola Davis,
Richard Jenkins,
Michael Shannon,
Anne Hathaway,
Melissa Leo,
Josh Brolin,
Taraji P. Henson,
Frank Langella,
Mickey Rourke,
Carey Mulligan,
Christopher Plummer,
Sandra Bullock,
Christoph Waltz,
Colin Firth,
Jeremy Renner,
Vera Farmiga,
Maggie Gyllenhaal,
Anna Kendrick,
Mo'Nique,
Gabourey Sidibe,
Stanley Tucci,
Christian Bale,
Jennifer Lawrence,
Mark Ruffalo,
Jacki Weaver,
Jesse Eisenberg,
James Franco,
John Hawkes,
Hailee Steinfeld,
Gary Oldman,
Melissa McCarthy,
Octavia Spencer,
Rooney Mara,
Jonah Hill,
Jessica Chastain,
Bérénice Bejo,
Demián Bichir,
Jean Dujardin,
Bradley Cooper,
Hugh Jackman,
Emmanuelle Riva,
Quvenzhané Wallis,
Sally Hawkins,
Michael Fassbender,
Barkhad Abdi,
Chiwetel Ejiofor,
Jared Leto,
Matthew McConaughey,
Lupita Nyong'o,
June Squibb,
Emma Stone,
Eddie Redmayne,
Patricia Arquette,
Steve Carell,
Benedict Cumberbatch,
Felicity Jones,
Michael Keaton,
Rosamund Pike,
J. K. Simmons,
Bryan Cranston,
Tom Hardy,
Brie Larson,
Jennifer Jason Leigh,
Rachel McAdams,
Charlotte Rampling,
Mark Rylance,
Alicia Vikander,
Mahershala Ali,
Andrew Garfield,
Naomie Harris,
Lucas Hedges,
Isabelle Huppert,
Ruth Negga,
Dev Patel,
Daniel Kaluuya,
Margot Robbie,
Sam Rockwell,
Mary J. Blige,
Timothée Chalamet,
Allison Janney,
Lesley Manville,
Laurie Metcalf,
Olivia Colman,
Adam Driver,
Yalitza Aparicio,
Marina de Tavira,
Sam Elliott,
Lady Gaga,
Richard E. Grant,
Regina King,
Rami Malek,
Antonio Banderas,
Cynthia Erivo,
Scarlett Johansson,
Jonathan Pryce,
Florence Pugh,
Riz Ahmed,
Maria Bakalova,
Sacha Baron Cohen,
Chadwick Boseman,
Andra Day,
Vanessa Kirby,
Leslie Odom Jr.,
Paul Raci,
Amanda Seyfried,
Lakeith Stanfield,
Steven Yeun,
Youn Yuh-jung,
